{"pages":["OpenSans-VariableFontwdthwght.png"],"chars":[{"id":124,"index":95,"char":"|","width":7,"height":46,"xoffset":8,"yoffset":15,"xadvance":23,"chnl":15,"x":0,"y":0,"page":0},{"id":106,"index":77,"char":"j","width":14,"height":45,"xoffset":-4,"yoffset":16,"xadvance":11,"chnl":15,"x":0,"y":47,"page":0},{"id":65533,"index":585,"char":"�","width":43,"height":42,"xoffset":0,"yoffset":15,"xadvance":42,"chnl":15,"x":8,"y":0,"page":0},{"id":74,"index":45,"char":"J","width":15,"height":42,"xoffset":-5,"yoffset":17,"xadvance":11,"chnl":15,"x":0,"y":93,"page":0},{"id":81,"index":52,"char":"Q","width":32,"height":42,"xoffset":1,"yoffset":17,"xadvance":33,"chnl":15,"x":15,"y":43,"page":0},{"id":87,"index":58,"char":"W","width":42,"height":34,"xoffset":-1,"yoffset":17,"xadvance":39,"chnl":15,"x":0,"y":136,"page":0},{"id":40,"index":11,"char":"(","width":13,"height":41,"xoffset":0,"yoffset":17,"xadvance":12,"chnl":15,"x":16,"y":86,"page":0},{"id":41,"index":12,"char":")","width":13,"height":41,"xoffset":-1,"yoffset":17,"xadvance":12,"chnl":15,"x":30,"y":86,"page":0},{"id":91,"index":62,"char":"[","width":13,"height":41,"xoffset":1,"yoffset":17,"xadvance":14,"chnl":15,"x":0,"y":171,"page":0},{"id":93,"index":64,"char":"]","width":13,"height":41,"xoffset":-1,"yoffset":17,"xadvance":14,"chnl":15,"x":0,"y":213,"page":0},{"id":123,"index":94,"char":"{","width":17,"height":41,"xoffset":-1,"yoffset":17,"xadvance":16,"chnl":15,"x":0,"y":255,"page":0},{"id":125,"index":96,"char":"}","width":17,"height":41,"xoffset":-1,"yoffset":17,"xadvance":16,"chnl":15,"x":14,"y":171,"page":0},{"id":36,"index":7,"char":"$","width":23,"height":38,"xoffset":1,"yoffset":15,"xadvance":24,"chnl":15,"x":14,"y":213,"page":0},{"id":64,"index":35,"char":"@","width":37,"height":38,"xoffset":0,"yoffset":17,"xadvance":38,"chnl":15,"x":32,"y":171,"page":0},{"id":181,"index":119,"char":"µ","width":23,"height":37,"xoffset":2,"yoffset":25,"xadvance":26,"chnl":15,"x":43,"y":128,"page":0},{"id":103,"index":74,"char":"g","width":25,"height":37,"xoffset":-1,"yoffset":24,"xadvance":23,"chnl":15,"x":44,"y":86,"page":0},{"id":112,"index":83,"char":"p","width":24,"height":37,"xoffset":2,"yoffset":24,"xadvance":26,"chnl":15,"x":48,"y":43,"page":0},{"id":113,"index":84,"char":"q","width":24,"height":37,"xoffset":0,"yoffset":24,"xadvance":26,"chnl":15,"x":52,"y":0,"page":0},{"id":121,"index":92,"char":"y","width":25,"height":37,"xoffset":-2,"yoffset":25,"xadvance":21,"chnl":15,"x":67,"y":124,"page":0},{"id":98,"index":69,"char":"b","width":24,"height":36,"xoffset":2,"yoffset":15,"xadvance":26,"chnl":15,"x":70,"y":81,"page":0},{"id":100,"index":71,"char":"d","width":24,"height":36,"xoffset":0,"yoffset":15,"xadvance":26,"chnl":15,"x":73,"y":38,"page":0},{"id":102,"index":73,"char":"f","width":19,"height":36,"xoffset":-1,"yoffset":15,"xadvance":14,"chnl":15,"x":77,"y":0,"page":0},{"id":104,"index":75,"char":"h","width":23,"height":36,"xoffset":2,"yoffset":15,"xadvance":26,"chnl":15,"x":97,"y":0,"page":0},{"id":107,"index":78,"char":"k","width":22,"height":36,"xoffset":2,"yoffset":15,"xadvance":22,"chnl":15,"x":0,"y":297,"page":0},{"id":108,"index":79,"char":"l","width":7,"height":36,"xoffset":2,"yoffset":15,"xadvance":11,"chnl":15,"x":18,"y":252,"page":0},{"id":109,"index":80,"char":"m","width":36,"height":27,"xoffset":2,"yoffset":24,"xadvance":39,"chnl":15,"x":0,"y":334,"page":0},{"id":119,"index":90,"char":"w","width":36,"height":26,"xoffset":-2,"yoffset":24,"xadvance":33,"chnl":15,"x":23,"y":289,"page":0},{"id":33,"index":4,"char":"!","width":9,"height":35,"xoffset":1,"yoffset":17,"xadvance":11,"chnl":15,"x":26,"y":252,"page":0},{"id":37,"index":8,"char":"%","width":35,"height":35,"xoffset":0,"yoffset":17,"xadvance":35,"chnl":15,"x":36,"y":252,"page":0},{"id":38,"index":9,"char":"&","width":32,"height":35,"xoffset":0,"yoffset":17,"xadvance":31,"chnl":15,"x":38,"y":210,"page":0},{"id":48,"index":19,"char":"0","width":24,"height":35,"xoffset":0,"yoffset":17,"xadvance":24,"chnl":15,"x":70,"y":162,"page":0},{"id":51,"index":22,"char":"3","width":24,"height":35,"xoffset":0,"yoffset":17,"xadvance":24,"chnl":15,"x":93,"y":118,"page":0},{"id":54,"index":25,"char":"6","width":24,"height":35,"xoffset":0,"yoffset":17,"xadvance":24,"chnl":15,"x":95,"y":75,"page":0},{"id":56,"index":27,"char":"8","width":24,"height":35,"xoffset":0,"yoffset":17,"xadvance":24,"chnl":15,"x":98,"y":37,"page":0},{"id":57,"index":28,"char":"9","width":24,"height":35,"xoffset":0,"yoffset":17,"xadvance":24,"chnl":15,"x":121,"y":0,"page":0},{"id":63,"index":34,"char":"?","width":20,"height":35,"xoffset":-1,"yoffset":17,"xadvance":18,"chnl":15,"x":71,"y":198,"page":0},{"id":67,"index":38,"char":"C","width":27,"height":35,"xoffset":1,"yoffset":17,"xadvance":26,"chnl":15,"x":0,"y":362,"page":0},{"id":71,"index":42,"char":"G","width":29,"height":35,"xoffset":1,"yoffset":17,"xadvance":31,"chnl":15,"x":0,"y":398,"page":0},{"id":79,"index":50,"char":"O","width":32,"height":35,"xoffset":1,"yoffset":17,"xadvance":33,"chnl":15,"x":28,"y":362,"page":0},{"id":83,"index":54,"char":"S","width":23,"height":35,"xoffset":0,"yoffset":17,"xadvance":23,"chnl":15,"x":37,"y":316,"page":0},{"id":105,"index":76,"char":"i","width":8,"height":35,"xoffset":1,"yoffset":16,"xadvance":11,"chnl":15,"x":0,"y":434,"page":0},{"id":35,"index":6,"char":"#","width":29,"height":34,"xoffset":-1,"yoffset":17,"xadvance":27,"chnl":15,"x":0,"y":470,"page":0},{"id":47,"index":18,"char":"/","width":19,"height":34,"xoffset":-2,"yoffset":17,"xadvance":15,"chnl":15,"x":9,"y":434,"page":0},{"id":49,"index":20,"char":"1","width":15,"height":34,"xoffset":2,"yoffset":17,"xadvance":24,"chnl":15,"x":29,"y":434,"page":0},{"id":50,"index":21,"char":"2","width":24,"height":34,"xoffset":0,"yoffset":17,"xadvance":24,"chnl":15,"x":30,"y":398,"page":0},{"id":52,"index":23,"char":"4","width":26,"height":34,"xoffset":-1,"yoffset":17,"xadvance":24,"chnl":15,"x":30,"y":469,"page":0},{"id":53,"index":24,"char":"5","width":23,"height":34,"xoffset":1,"yoffset":17,"xadvance":24,"chnl":15,"x":45,"y":433,"page":0},{"id":55,"index":26,"char":"7","width":24,"height":34,"xoffset":0,"yoffset":17,"xadvance":24,"chnl":15,"x":55,"y":398,"page":0},{"id":65,"index":36,"char":"A","width":31,"height":34,"xoffset":-2,"yoffset":17,"xadvance":27,"chnl":15,"x":57,"y":468,"page":0},{"id":66,"index":37,"char":"B","width":25,"height":34,"xoffset":2,"yoffset":17,"xadvance":27,"chnl":15,"x":69,"y":433,"page":0},{"id":68,"index":39,"char":"D","width":28,"height":34,"xoffset":2,"yoffset":17,"xadvance":30,"chnl":15,"x":89,"y":468,"page":0},{"id":69,"index":40,"char":"E","width":21,"height":34,"xoffset":2,"yoffset":17,"xadvance":23,"chnl":15,"x":61,"y":288,"page":0},{"id":70,"index":41,"char":"F","width":21,"height":34,"xoffset":2,"yoffset":17,"xadvance":22,"chnl":15,"x":72,"y":234,"page":0},{"id":72,"index":43,"char":"H","width":27,"height":34,"xoffset":2,"yoffset":17,"xadvance":31,"chnl":15,"x":92,"y":198,"page":0},{"id":73,"index":44,"char":"I","width":7,"height":34,"xoffset":2,"yoffset":17,"xadvance":12,"chnl":15,"x":95,"y":154,"page":0},{"id":75,"index":46,"char":"K","width":26,"height":34,"xoffset":2,"yoffset":17,"xadvance":26,"chnl":15,"x":103,"y":154,"page":0},{"id":76,"index":47,"char":"L","width":21,"height":34,"xoffset":2,"yoffset":17,"xadvance":22,"chnl":15,"x":118,"y":111,"page":0},{"id":77,"index":48,"char":"M","width":34,"height":34,"xoffset":2,"yoffset":17,"xadvance":38,"chnl":15,"x":120,"y":73,"page":0},{"id":78,"index":49,"char":"N","width":27,"height":34,"xoffset":2,"yoffset":17,"xadvance":32,"chnl":15,"x":123,"y":36,"page":0},{"id":80,"index":51,"char":"P","width":23,"height":34,"xoffset":2,"yoffset":17,"xadvance":25,"chnl":15,"x":146,"y":0,"page":0},{"id":82,"index":53,"char":"R","width":25,"height":34,"xoffset":2,"yoffset":17,"xadvance":26,"chnl":15,"x":151,"y":35,"page":0},{"id":84,"index":55,"char":"T","width":26,"height":34,"xoffset":-2,"yoffset":17,"xadvance":23,"chnl":15,"x":170,"y":0,"page":0},{"id":85,"index":56,"char":"U","width":27,"height":34,"xoffset":2,"yoffset":17,"xadvance":31,"chnl":15,"x":61,"y":323,"page":0},{"id":86,"index":57,"char":"V","width":29,"height":34,"xoffset":-2,"yoffset":17,"xadvance":25,"chnl":15,"x":61,"y":358,"page":0},{"id":88,"index":59,"char":"X","width":28,"height":34,"xoffset":-2,"yoffset":17,"xadvance":24,"chnl":15,"x":80,"y":393,"page":0},{"id":89,"index":60,"char":"Y","width":27,"height":34,"xoffset":-2,"yoffset":17,"xadvance":23,"chnl":15,"x":95,"y":428,"page":0},{"id":90,"index":61,"char":"Z","width":25,"height":34,"xoffset":0,"yoffset":17,"xadvance":24,"chnl":15,"x":118,"y":463,"page":0},{"id":92,"index":63,"char":"\\","width":19,"height":34,"xoffset":-2,"yoffset":17,"xadvance":15,"chnl":15,"x":83,"y":269,"page":0},{"id":59,"index":30,"char":";","width":11,"height":32,"xoffset":-1,"yoffset":24,"xadvance":11,"chnl":15,"x":94,"y":233,"page":0},{"id":116,"index":87,"char":"t","width":17,"height":32,"xoffset":-1,"yoffset":19,"xadvance":15,"chnl":15,"x":89,"y":304,"page":0},{"id":58,"index":29,"char":":","width":9,"height":28,"xoffset":1,"yoffset":24,"xadvance":11,"chnl":15,"x":103,"y":266,"page":0},{"id":97,"index":68,"char":"a","width":22,"height":27,"xoffset":0,"yoffset":24,"xadvance":23,"chnl":15,"x":106,"y":233,"page":0},{"id":99,"index":70,"char":"c","width":20,"height":27,"xoffset":0,"yoffset":24,"xadvance":20,"chnl":15,"x":120,"y":189,"page":0},{"id":101,"index":72,"char":"e","width":23,"height":27,"xoffset":0,"yoffset":24,"xadvance":24,"chnl":15,"x":130,"y":146,"page":0},{"id":110,"index":81,"char":"n","width":23,"height":27,"xoffset":2,"yoffset":24,"xadvance":26,"chnl":15,"x":140,"y":108,"page":0},{"id":111,"index":82,"char":"o","width":25,"height":27,"xoffset":0,"yoffset":24,"xadvance":25,"chnl":15,"x":155,"y":70,"page":0},{"id":114,"index":85,"char":"r","width":17,"height":27,"xoffset":2,"yoffset":24,"xadvance":17,"chnl":15,"x":177,"y":35,"page":0},{"id":115,"index":86,"char":"s","width":20,"height":27,"xoffset":0,"yoffset":24,"xadvance":20,"chnl":15,"x":91,"y":337,"page":0},{"id":117,"index":88,"char":"u","width":23,"height":27,"xoffset":1,"yoffset":25,"xadvance":26,"chnl":15,"x":91,"y":365,"page":0},{"id":118,"index":89,"char":"v","width":25,"height":26,"xoffset":-2,"yoffset":25,"xadvance":21,"chnl":15,"x":109,"y":393,"page":0},{"id":120,"index":91,"char":"x","width":24,"height":26,"xoffset":-1,"yoffset":25,"xadvance":22,"chnl":15,"x":107,"y":295,"page":0},{"id":122,"index":93,"char":"z","width":20,"height":26,"xoffset":0,"yoffset":25,"xadvance":20,"chnl":15,"x":113,"y":261,"page":0},{"id":94,"index":65,"char":"^","width":25,"height":23,"xoffset":0,"yoffset":17,"xadvance":24,"chnl":15,"x":123,"y":420,"page":0},{"id":43,"index":14,"char":"+","width":24,"height":24,"xoffset":0,"yoffset":22,"xadvance":24,"chnl":15,"x":112,"y":322,"page":0},{"id":60,"index":31,"char":"<","width":24,"height":24,"xoffset":0,"yoffset":22,"xadvance":24,"chnl":15,"x":132,"y":288,"page":0},{"id":62,"index":33,"char":">","width":24,"height":24,"xoffset":0,"yoffset":22,"xadvance":24,"chnl":15,"x":129,"y":217,"page":0},{"id":126,"index":97,"char":"~","width":24,"height":9,"xoffset":0,"yoffset":30,"xadvance":24,"chnl":15,"x":57,"y":503,"page":0},{"id":42,"index":13,"char":"*","width":23,"height":23,"xoffset":0,"yoffset":15,"xadvance":23,"chnl":15,"x":141,"y":174,"page":0},{"id":61,"index":32,"char":"=","width":23,"height":15,"xoffset":0,"yoffset":27,"xadvance":24,"chnl":15,"x":112,"y":347,"page":0},{"id":95,"index":66,"char":"_","width":23,"height":7,"xoffset":-2,"yoffset":51,"xadvance":18,"chnl":15,"x":16,"y":128,"page":0},{"id":34,"index":5,"char":"\"","width":15,"height":15,"xoffset":1,"yoffset":17,"xadvance":17,"chnl":15,"x":123,"y":444,"page":0},{"id":39,"index":10,"char":"'","width":8,"height":15,"xoffset":1,"yoffset":17,"xadvance":9,"chnl":15,"x":120,"y":217,"page":0},{"id":44,"index":15,"char":",","width":10,"height":14,"xoffset":0,"yoffset":42,"xadvance":11,"chnl":15,"x":118,"y":498,"page":0},{"id":45,"index":16,"char":"-","width":14,"height":7,"xoffset":0,"yoffset":34,"xadvance":14,"chnl":15,"x":0,"y":505,"page":0},{"id":96,"index":67,"char":"`","width":12,"height":11,"xoffset":0,"yoffset":15,"xadvance":12,"chnl":15,"x":23,"y":316,"page":0},{"id":46,"index":17,"char":".","width":9,"height":9,"xoffset":1,"yoffset":42,"xadvance":11,"chnl":15,"x":37,"y":352,"page":0},{"id":32,"index":3,"char":" ","width":0,"height":0,"xoffset":-2,"yoffset":47,"xadvance":11,"chnl":15,"x":15,"y":86,"page":0}],"info":{"face":"OpenSans-VariableFontwdthwght","size":42,"bold":0,"italic":0,"charset":["µ","�"," ","!","\"","#","$","%","&","'","(",")","*","+",",","-",".","/","0","1","2","3","4","5","6","7","8","9",":",";","<","=",">","?","@","A","B","C","D","E","F","G","H","I","J","K","L","M","N","O","P","Q","R","S","T","U","V","W","X","Y","Z","[","\\","]","^","_","`","a","b","c","d","e","f","g","h","i","j","k","l","m","n","o","p","q","r","s","t","u","v","w","x","y","z","{","|","}","~"],"unicode":1,"stretchH":100,"smooth":1,"aa":1,"padding":[2,2,2,2],"spacing":[0,0]},"common":{"lineHeight":57,"base":47,"scaleW":512,"scaleH":512,"pages":1,"packed":0,"alphaChnl":0,"redChnl":0,"greenChnl":0,"blueChnl":0},"distanceField":{"fieldType":"msdf","distanceRange":4},"kernings":[]}